URL,SC Clicks,SC Impressions,SC CTR %,SC Avg Pos,Primary Keyword,NEW Title (≤65 chars),Title Length,NEW Meta Description (≤160 chars),Desc Length
/cabo-safety,2328,493302,0.47,4.5,is cabo safe,Is Cabo San Lucas Safe in 2026? Local's Safety Guide | Cabo Sailing,67,"Is Cabo safe? Honest 2026 safety guide from locals — crime stats, safe areas, scams to avoid, water safety, and tips for families. Updated regularly.",149
/can-you-swim-in-cabo-san-lucas,1914,400010,0.48,6.3,can you swim in cabo,Can You Swim in Cabo San Lucas? Safe Beaches & Warnings | Cabo Sailing,70,"Which Cabo beaches are swimmable and which aren't? Local's guide to safe swimming in Cabo San Lucas — flags, currents, and the best calm-water beaches.",151
/a-travelers-guide-to-lovers-beach-cabo-san-lucas,324,106174,0.31,8.1,lovers beach cabo,Lovers Beach Cabo San Lucas — How to Get There & What to Know,61,"Complete Lovers Beach guide — how to get there, boat taxi prices, snorkeling, Divorce Beach warning, and the best time to visit. From locals at Cabo Sailing.",157
/cabo-whale-watching-basics,323,160827,0.2,11.3,cabo whale watching basics,"Cabo Whale Watching Season — When, Where & How (2026 Guide)",59,"Cabo whale watching season runs December to April. Humpbacks, grays, best months, tour options, and what to bring. Local's 2026 guide from Cabo Sailing.",152
/7-best-swimming-beaches-cabo-san-lucas,310,90436,0.34,15.3,swimming beaches cabo,7 Best Swimming Beaches in Cabo San Lucas (Safe & Calm) | 2026,62,"The 7 safest swimming beaches in Cabo San Lucas — calm water, lifeguards, easy access. Medano, Chileno, Santa María and more. Local's picks for 2026.",149
/best-ways-to-see-the-arch-of-cabo-san-lucas,301,68275,0.44,12.6,how to see the arch,How to See the Arch of Cabo San Lucas — 5 Best Ways | Cabo Sailing,66,"The 5 best ways to see the Arch of Cabo San Lucas — private yacht, sailboat, water taxi, kayak or glass-bottom boat. Prices, pros and cons from locals.",151
/a-complete-guide-to-fishing-in-cabo-san-lucas,250,102776,0.24,22.4,fishing in cabo,Fishing in Cabo San Lucas — Complete Guide for 2026 | Cabo Sailing,66,"Cabo San Lucas fishing guide — best seasons for marlin, tuna, dorado; top charters; tournament dates; and everything first-timers should know for 2026.",151
/what-is-cabo-famous-for,237,75422,0.31,4.8,what is cabo famous for,What Is Cabo San Lucas Famous For? 12 Things Locals Love,56,"From the Arch to whale watching, sea lions and sunsets — here's what Cabo San Lucas is actually famous for, plus lesser-known favorites from locals.",148
/planning-your-getaway-how-far-is-cabo-from-cancun,164,84842,0.19,5.8,how far is cabo from cancun,"How Far Is Cabo from Cancun? Distance, Flight Time & Tips",57,"Cabo to Cancun is ~1,850 miles — about 4.5 hours by direct flight. Which destination fits which trip, flight options, and tips from Cabo Sailing locals.",152
/how-to-plan-the-perfect-march-getaway-in-cabo-san-lucas,160,80028,0.2,7.4,cabo in march,"Cabo in March — Weather, Whale Watching & Top Activities",56,"Why March is the best month for Cabo — warm 80°F weather, peak whale season, clear snorkeling water, spring break events. Local's planning guide.",145
/15-things-to-do-in-downtown-cabo-san-lucas-mexico,138,32776,0.42,37.9,things to do downtown cabo,15 Best Things to Do in Downtown Cabo San Lucas (Local's Guide),63,"Downtown Cabo San Lucas has more than just bars. 15 local favorites — marina, art galleries, tacos, live music, sea lions and the best sunset spots.",148
/best-time-visit-cabo-san-lucas,133,91775,0.14,1,best time to visit cabo,Best Time to Visit Cabo San Lucas — Month-by-Month Guide,56,"The best time to visit Cabo depends on what you want — whales, low prices, calm water or nightlife. Month-by-month guide from locals at Cabo Sailing.",149
/cabo-vs-cancun-which-mexican-destination-fits-your-travel-style,130,76953,0.17,7.2,cabo vs cancun,Cabo vs. Cancun — Which Is Right for Your Trip in 2026?,55,"Cabo vs. Cancun — honest comparison of beaches, weather, activities, price and vibe. Which destination fits which traveler. Local perspective from Cabo Sailing.",160
/cabo-vs-tulum-differences-in-scenery-vibe-and-attractions,127,27982,0.45,6.4,cabo vs tulum,Cabo vs. Tulum — Which Should You Pick in 2026?,47,"Cabo vs. Tulum compared — scenery, vibe, water, prices, food and activities. Local's honest take on which destination suits which kind of traveler.",147
/visiting-cabo-in-february-best-activities-and-hidden-gems,117,28571,0.41,10.5,cabo in february,"Cabo in February — Weather, Whales & Hidden Gems | Cabo Sailing",63,"February is prime Cabo time — 75°F days, humpback whales, low crowds. Best activities, weather, and hidden gems locals recommend. 2026 guide.",141
/where-is-the-best-place-to-sit-on-a-whale-watching-boat,117,24917,0.47,4.2,best seat whale watching,Best Seat on a Whale Watching Boat in Cabo — Where to Sit,57,"Where to sit on a whale watching boat for the best views and smoothest ride — bow, stern or upper deck? Local's tips from Cabo Sailing captains.",144
/all-about-the-sea-of-cortez,114,27442,0.42,16.1,sea of cortez,The Sea of Cortez — Cabo's 'Aquarium of the World' Explained,60,"Jacques Cousteau called it 'the aquarium of the world.' What makes the Sea of Cortez special — marine life, best activities, and where to access it in Cabo.",156
/10-things-to-do-in-cabo-with-your-kids,113,29372,0.38,19.2,cabo with kids,10 Best Things to Do in Cabo with Kids (Family-Tested),54,"Family-friendly Cabo — 10 activities locals recommend for kids. Calm beaches, sea lion tours, glass-bottom boats, waterparks and safe restaurants.",146
/where-to-swim-in-cabo,110,46015,0.24,10.8,where to swim in cabo,Where to Swim in Cabo San Lucas — Safe Beaches Map & Guide,58,"Not every Cabo beach is swimmable. Local's map of safe swimming beaches — calm water, easy entry, and which famous beaches to avoid. 2026 update.",145
/13-best-all-inclusive-family-resorts-in-cabo-san-lucas,109,84397,0.13,35.6,all-inclusive family resorts cabo,13 Best All-Inclusive Family Resorts in Cabo San Lucas (2026),61,"13 all-inclusive family resorts in Cabo San Lucas — kid clubs, on-site activities, swimmable beaches. Honest picks for 2026 from Cabo Sailing locals.",149
/sunset-in-cabo,105,31911,0.33,8,sunset in cabo,Sunset in Cabo San Lucas — Best Spots & Times to Watch (2026),61,"The best places to watch sunset in Cabo San Lucas — Land's End, the Arch, the Medano rooftop bars, and the sailboat deck. Times and tips for 2026.",146
/how-to-make-the-most-of-a-snorkeling-trip-in-cabo-san-lucas,103,34168,0.3,1,snorkeling in cabo,How to Make the Most of Snorkeling in Cabo San Lucas,52,"Snorkeling in Cabo tips from boat captains — best reefs, gear to bring, what to see, and how to avoid rookie mistakes. Pelican Rock, Santa María and more.",154
/snorkeling-spots-cabo-san-lucas,73,28117,0.26,24.9,snorkeling spots cabo,5 Best Snorkeling Spots in Cabo San Lucas (Local's Guide),57,"The 5 best snorkeling spots in Cabo San Lucas — Pelican Rock, Santa María Bay, Chileno Bay and more. Marine life you'll see and how to get there.",145
/santa-maria-bay,66,30563,0.22,12.5,santa maria bay cabo,Santa María Bay Cabo San Lucas — Snorkel Guide & How to Visit,61,"Santa María Bay is Cabo's best shore-entry snorkel spot. Marine life, how to get there, parking, best time to go and what gear to bring.",136
/difference-cabo-san-lucas-san-jose-del-cabo,55,29583,0.19,30.3,cabo san lucas vs san jose,Cabo San Lucas vs. San José del Cabo — What's the Difference?,61,"Cabo San Lucas and San José del Cabo are very different towns. Beaches, vibe, prices, nightlife and which one suits your trip. Local's breakdown.",145
/sun-safety-in-cabo,51,12522,0.41,6.8,sun safety cabo,Sun Safety in Cabo San Lucas — Don't Get Fried on Vacation,58,"Cabo's sun is stronger than most visitors expect. Local's sun safety guide — SPF, timing, reef-safe sunscreen and how to avoid ruining your trip.",145
/the-ultimate-snorkeling-experience-in-cabo-pulmo-mexico,39,9772,0.4,19.7,cabo pulmo snorkeling,Cabo Pulmo Snorkeling — Mexico's Hidden Underwater Park,55,"Cabo Pulmo is Mexico's only hard-coral reef and a protected marine park. Snorkel guide — marine life, how to get there, day trips from Cabo San Lucas.",150
/10-stunning-san-jose-del-cabo-beaches-to-explore,35,8497,0.41,17.9,san jose del cabo beaches,10 Best Beaches in San José del Cabo (2026 Local's Guide),57,"10 of the best beaches in San José del Cabo — calm, quiet, and less crowded than Cabo San Lucas. Swimmable picks, hidden coves and how to find them.",148
/how-to-get-to-cabo-from-the-uk,32,11460,0.28,24.6,how to get to cabo from uk,"How to Get to Cabo from the UK — Flights, Routes & Tips (2026)",62,"Flying from the UK to Cabo San Lucas — best routes via Dallas, Mexico City or LA, flight times, and tips for making the connection easier. 2026 update.",151
/essential-travel-tips-for-first-time-visitors-to-cabo-san-lucas,31,10259,0.3,18.3,cabo travel tips,15 Essential Cabo Travel Tips for First-Time Visitors (2026),60,"First time in Cabo? 15 essential tips locals wish you knew — safety, money, tipping, which beaches to swim at, taxis and avoiding timeshare scams.",146
/exploring-cabo-pulmo-a-guide-to-mexicos-best-marine-reserve,29,9159,0.32,27.8,cabo pulmo guide,Cabo Pulmo Marine Park — Complete Guide (2026),46,"Cabo Pulmo is Mexico's best protected marine reserve. Full guide — snorkeling, diving, how to get there, where to stay, and why it's worth the drive.",149
/18-noteworthy-san-jose-del-cabo-restaurants-to-visit,27,13091,0.21,34,san jose del cabo restaurants,18 Best Restaurants in San José del Cabo (2026 Local Picks),59,"18 restaurants worth the drive to San José del Cabo — local tacos, fine dining, art-district gems, and the best place to eat at sunset. 2026 picks.",147
/15-best-things-to-do-in-san-jose-del-cabo-mexico,26,20982,0.12,36.2,things to do san jose del cabo,15 Best Things to Do in San José del Cabo (2026 Guide),54,"San José del Cabo is Cabo's quieter, artsier twin. 15 of the best things to do — art walk, beaches, estuary, food and local festivals. 2026 guide.",146
/free-activities-in-cabo,26,10231,0.25,27.8,free things cabo,15 Free Things to Do in Cabo San Lucas (No-Budget Guide),56,"15 free things to do in Cabo San Lucas — beaches, markets, sunsets, sea lions, downtown walks. Local's picks that cost nothing. 2026 update.",140
/cabo-san-lucas-vacation-with-kids,23,18809,0.12,24.3,cabo with kids,Cabo San Lucas with Kids — Family Vacation Planning Guide,57,"Everything to plan a Cabo family vacation — safe beaches, kid-friendly boat tours, family resorts, and activities kids actually love. Local's guide.",148
/best-tourist-spots-visit-baja-california-sur,22,15713,0.14,23.2,baja california sur tourist spots,Best Places to Visit in Baja California Sur (Beyond Cabo),57,"Baja California Sur is more than Cabo. Local's picks for La Paz, Todos Santos, Cabo Pulmo, Loreto and hidden coastal gems worth the drive.",138
/all-inclusive-cabo-yacht-charter,22,6842,0.32,56.9,all-inclusive yacht charter cabo,All-Inclusive Yacht Charter in Cabo San Lucas | Cabo Sailing,60,"All-inclusive private yacht charters in Cabo — boat, crew, food, open bar and activities included. Transparent pricing from Cabo Sailing. 2026 rates.",149
/puerto-vallarta-vs-cabo-choosing-the-perfect-mexican-getaway,21,9872,0.21,1,puerto vallarta vs cabo,Puerto Vallarta vs. Cabo — Which Is Better in 2026?,51,"Puerto Vallarta vs. Cabo compared — beaches, weather, price, food and vibe. Which Mexican destination fits which kind of traveler. Honest local take.",149